athlete_id,name,country,date_of_birth
1,Brod,Peru,04/03/2005
2,Adelle,Brazil,22/03/2003
3,Clifford,Mexico,08/08/2003
4,Nadine,Colombia,22/03/2006
5,Naoma,Paraguay,30/09/1989
6,Bondie,Colombia,12/05/1990
7,Neale,Mexico,05/02/2015
8,Annice,Brazil,10/07/1988
9,Elisa,Colombia,31/08/2024
10,Krysta,Mexico,01/09/1998
11,Joanie,Argentina,03/05/2002
12,Marie,Brazil,25/05/2014
13,Oralie,Colombia,30/05/1998
14,Normand,Brazil,07/04/2011
15,Merrie,Argentina,01/09/1989
16,Lothaire,Mexico,12/04/2012
17,Glynda,Argentina,15/11/1993
18,Lucho,Mexico,27/06/1994
19,Ozzy,Peru,04/10/1986
20,Jayne,Mexico,13/09/1997
21,Koenraad,Mexico,13/08/2006
22,Opal,Brazil,22/09/2019
23,Clint,Peru,14/11/1989
24,Garland,Paraguay,27/04/1988
25,Ole,Peru,04/06/2001
26,Juliane,Brazil,01/08/2003
27,Welbie,Brazil,12/05/2021
28,Nehemiah,Brazil,24/10/1992
29,Archambault,Colombia,14/01/1985
30,Mason,Chile,15/01/2005
31,Janaya,Argentina,10/09/1984
32,Celle,Mexico,05/10/1992
33,Jerry,Brazil,17/12/2020
34,Aylmer,Brazil,17/09/1997
35,Lilia,Brazil,28/05/1992
36,Roxine,Brazil,05/06/2004
37,Roxane,Argentina,18/09/1992
38,Gale,Argentina,11/08/2007
39,Clywd,Colombia,01/06/1990
40,Charlotta,Brazil,22/04/2012
41,Johnnie,Brazil,07/06/2002
42,Elora,Colombia,18/01/1996
43,Arvin,Brazil,06/06/1989
44,Parsifal,Colombia,16/08/2021
45,Jake,Brazil,18/12/2004
46,Richmond,Brazil,27/01/1989
47,Elsey,Ecuador,15/01/1986
48,Grete,Brazil,11/09/2019
49,Kellyann,Brazil,03/03/1981
50,Zachariah,Brazil,08/11/2003
51,Collette,Chile,27/11/1993
52,Rhona,Mexico,25/03/1984
53,Yanaton,Argentina,07/05/2018
54,Eugine,Colombia,20/07/1997
55,Johna,Brazil,11/12/1996
56,Tabbitha,Paraguay,26/02/2013
57,Westbrooke,Colombia,07/11/2015
58,Babs,Colombia,05/03/2014
59,Josephina,Brazil,12/08/1996
60,Ned,Brazil,21/03/2018
61,Feliks,Uruguay,30/01/2002
62,Heddie,Peru,16/11/1989
63,Leticia,Brazil,15/07/2020
64,Zacharie,Brazil,04/12/2021
65,Dukie,Ecuador,10/02/1999
66,Shay,Peru,13/06/2013
67,Murial,Mexico,07/07/2011
68,Winfred,Colombia,11/09/1987
69,Willard,Colombia,29/11/2001
70,Berty,Brazil,28/05/1999
71,Heather,Argentina,11/10/1992
72,Melinda,Argentina,10/01/2010
73,Cathrine,Brazil,14/05/1996
74,Rosemary,Brazil,06/06/2023
75,Horatius,Colombia,19/12/2017
76,Angelita,Argentina,30/01/2013
77,Allianora,Brazil,30/06/1997
78,Rollie,Brazil,16/01/1985
79,Gloriana,Chile,07/10/1984
80,Alverta,Ecuador,28/03/1999
81,Petey,Ecuador,21/09/2021
82,Kathryn,Brazil,03/04/1993
83,Fredi,Brazil,09/12/2003
84,Guillemette,Argentina,25/12/1984
85,Alexandro,Peru,14/07/2016
86,Cole,Brazil,24/02/2006
87,Jacquie,Mexico,24/10/2022
88,Lamont,Colombia,21/09/1996
89,Frederique,Uruguay,07/10/2018
90,Lukas,Brazil,28/09/2004
91,Conny,Mexico,31/05/2006
92,Yoko,Peru,14/11/1986
93,Zebedee,Argentina,06/01/2023
94,Malvina,Brazil,23/11/1980
95,Twila,Brazil,02/02/2012
96,Yasmeen,Ecuador,17/10/2000
97,Liz,Mexico,10/01/2008
98,Renelle,Colombia,13/08/2013
99,Rogerio,Brazil,22/02/2008
100,Irene,Brazil,10/07/1994
101,Shannon,Brazil,28/08/2007
102,Maggie,Peru,24/09/2024
103,Lyda,Peru,08/08/1988
104,Stacey,Mexico,30/01/2005
105,Mahalia,Paraguay,13/12/1984
106,Fee,Argentina,10/05/1987
107,Ramonda,Mexico,18/06/2000
108,Alonso,Colombia,24/08/1999
109,Orion,Brazil,10/02/1992
110,Brandon,Peru,30/05/2010
111,Britta,Brazil,11/10/1989
112,Freeman,Brazil,12/09/2023
113,Elysia,Mexico,08/04/2016
114,Standford,Brazil,11/02/2024
115,Gilberte,Mexico,05/10/2020
116,Arlinda,Paraguay,03/10/1981
117,Rosette,Brazil,01/11/1992
118,Alain,Mexico,16/12/2018
119,Barri,Argentina,02/12/1991
120,Gardener,Colombia,31/12/2015
121,Corrie,Mexico,01/07/1986
122,Dion,Bolivia,06/02/1988
123,Mamie,Argentina,15/05/1990
124,Roman,Mexico,10/01/1985
125,Catherine,Brazil,29/05/1994
126,Faulkner,Brazil,12/01/2021
127,Marianna,Argentina,31/01/2008
128,Meredeth,Chile,21/02/1988
129,Raf,Bolivia,17/09/1991
130,Lanie,Mexico,24/03/2002
131,Wilie,Mexico,11/02/1999
132,Deeann,Colombia,02/09/2019
133,Jed,Brazil,23/05/1993
134,Andie,Brazil,15/07/1993
135,Tomasine,Brazil,07/04/1981
136,Edouard,Brazil,01/11/2015
137,Stevy,Argentina,11/12/2014
138,Anthiathia,Colombia,26/06/2024
139,Odella,Brazil,16/07/1982
140,Mandel,Brazil,25/11/2022
141,Any,Mexico,16/07/2013
142,Cornelia,Brazil,02/01/2022
143,Aundrea,Colombia,05/09/1987
144,Findley,Argentina,09/06/2024
145,Lola,Brazil,05/10/1992
146,Averil,Brazil,14/08/2023
147,Stephani,Brazil,29/11/1998
148,Alma,Peru,04/10/2001
149,Corenda,Argentina,21/05/1990
150,Cecil,Peru,30/11/2018
151,Cassaundra,Brazil,05/02/2018
152,Brodie,Mexico,29/12/1983
153,Steffie,Colombia,23/06/2000
154,Abdul,Peru,27/02/1981
155,Murry,Brazil,02/02/2009
156,Hebert,Argentina,26/11/1981
157,Carrol,Argentina,19/06/2023
158,Kathi,Peru,18/01/2004
159,Hobey,Colombia,08/10/2018
160,Dexter,Colombia,09/02/1981
161,Karlis,Argentina,14/10/2022
162,Tommie,Mexico,02/12/1994
163,Vlad,Colombia,07/02/2019
164,Lilian,Brazil,28/09/1988
165,Francklyn,Brazil,04/10/1981
166,Lucia,Mexico,07/01/2007
167,Sheree,Brazil,21/08/2000
168,Sibylle,Brazil,19/12/2003
169,Burnaby,Brazil,09/05/1984
170,Benn,Mexico,14/10/1993
171,Rivy,Brazil,09/04/2017
172,Dorolisa,Brazil,29/08/1984
173,Sherri,Colombia,01/12/1994
174,Issy,Brazil,09/06/1983
175,Isidore,Bolivia,03/01/1994
176,Patrice,Peru,21/12/1998
177,Lacie,Argentina,04/03/2024
178,Josey,Brazil,18/02/1999
179,Karly,Brazil,10/01/2022
180,Maryrose,Colombia,09/09/1994
181,Waylon,Bolivia,21/05/2000
182,Tova,Argentina,25/07/1992
183,Linell,Colombia,10/04/1997
184,Emmott,Mexico,01/03/1999
185,Carmelita,Colombia,10/09/2012
186,Salem,Brazil,29/08/2018
187,Michaelina,Brazil,09/10/2019
188,Mayor,Mexico,28/01/1987
189,Pepi,Brazil,10/01/2000
190,Arlana,Colombia,18/07/2011
191,Ddene,Colombia,01/10/1981
192,Caddric,Brazil,28/05/2000
193,Doll,Brazil,23/11/2016
194,Birdie,Mexico,26/07/1987
195,Filbert,Peru,29/05/2014
196,Jakie,Brazil,13/08/2020
197,Sonya,Peru,28/06/2006
198,Nisse,Chile,02/01/2007
199,Annabel,Brazil,15/08/2018
200,Alix,Brazil,01/12/1995
